the	1
a	2
and	3
att	4
ck	5
to	6
this	7
control	8
in	9
verodin	10
action	11
an	12
internal	13
of	14
actor	15
trusted	16
security	17
n	18
external	19
src	20
is	21
windows	22
recommends	23
zone	24
name	25
as	26
tags	27
malware	28
vid	29
notes	30
desc	31
demonstrates	32
untrusted	33
file	34
dst	35
malicious	36
for	37
os	38
admin	39
with	40
command	41
host	42
on	43
ids	44
ips	45
source	46
ngfw	47
selecting	48
a100	49
that	50
destination	51
execution	52
user	53
10	54
by	55
be	56
can	57
or	58
download	59
access	60
7	61
dmz	62
server	63
exploit	64
from	65
used	66
endpoint	67
running	68
also	69
ransomware	70
system	71
transfer	72
information	73
a104	74
activity	75
files	76
lateral	77
movement	78
evasion	79
if	80
defense	81
has	82
it	83
are	84
email	85
data	86
using	87
users	88
will	89
placing	90
cve	91
variant	92
s	93
non	94
victim	95
cli	96
persistence	97
initial	98
should	99
http	100
was	101
not	102
any	103
t1105	104
address	105
via	106
infected	107
web	108
network	109
attempting	110
powershell	111
such	112
actors	113
based	114
execute	115
discovery	116
injection	117
protected	118
page	119
more	120
use	121
code	122
other	123
which	124
internet	125
been	126
infrastructure	127
remote	128
fireeye	129
tool	130
traffic	131
vulnerability	132
theater	133
kit	134
apt41	135
dns	136
eicar	137
c2	138
exe	139
attacker	140
including	141
macos	142
shell	143
machine	144
2019	145
about	146
software	147
script	148
compromised	149
campaign	150
its	151
2016	152
1	153
upload	154
zip	155
technique	156
com	157
credential	158
sql	159
phishing	160
here	161
threat	162
domain	163
endpoints	164
associated	165
t1071	166
analysts	167
commands	168
number	169
may	170
2012	171
rat	172
response	173
query	174
trojan	175
various	176
application	177
intelligence	178
attempt	179
executed	180
containing	181
first	182
attempts	183
privilege	184
virus	185
waf	186
after	187
escalation	188
their	189
anti	190
mimikatz	191
exfiltration	192
linux	193
wannacry	194
error	195
credit	196
process	197
card	198
when	199
into	200
run	201
2018	202
have	203
according	204
lockergoga	205
over	206
backdoor	207
uses	208
post	209
legitimate	210
credentials	211
target	212
scanning	213
how	214
test	215
2	216
at	217
successful	218
then	219
service	220
0	221
key	222
zones	223
registry	224
directory	225
password	226
request	227
reviewing	228
within	229
t1190	230
being	231
payload	232
read	233
microsoft	234
controls	235
typically	236
does	237
compromise	238
sample	239
apt33	240
executable	241
targeted	242
root	243
attachment	244
dridex	245
type	246
requires	247
group	248
version	249
identify	250
dll	251
scan	252
adversaries	253
attack	254
device	255
locky	256
all	257
known	258
contains	259
compressed	260
infection	261
port	262
note	263
both	264
observed	265
loader	266
following	267
requests	268
t1189	269
state	270
allows	271
time	272
impact	273
dlp	274
local	275
executing	276
new	277
city	278
specific	279
t1043	280
payment	281
leverages	282
method	283
records	284
last	285
through	286
document	287
keys	288
systems	289
apt	290
memory	291
visiting	292
exfil	293
zipped	294
smb	295
advantage	296
database	297
once	298
installed	299
pii	300
these	301
designed	302
tools	303
servers	304
obfuscated	305
vulnerabilities	306
benign	307
create	308
stage	309
collection	310
downloading	311
downloaded	312
passwords	313
services	314
additional	315
shadow	316
campaigns	317
eternalrocks	318
well	319
csv	320
100	321
recipient	322
connection	323
vulnerable	324
2017	325
check	326
like	327
us	328
nthis	329
gdpr	330
worm	331
desktop	332
link	333
requesting	334
detect	335
2015	336
available	337
account	338
get	339
additionally	340
delivered	341
hashes	342
messages	343
evaluate	344
owasp	345
attacks	346
detection	347
found	348
tunnel	349
sqlmap	350
telephone	351
street	352
most	353
before	354
targets	355
hosts	356
perform	357
javascript	358
way	359
ability	360
developed	361
actions	362
ftp	363
t1002	364
particular	365
result	366
exploitation	367
t1048	368
takes	369
top	370
apt28	371
framework	372
decryption	373
a102	374
flash	375
located	376
login	377
while	378
insider	379
sender	380
ek	381
standard	382
communication	383
adversary	384
encrypts	385
privileges	386
capabilities	387
correctly	388
gandcrab	389
multiple	390
than	391
victims	392
arbitrary	393
extract	394
communicate	395
properly	396
related	397
environment	398
5	399
successfully	400
were	401
processes	402
proxy	403
text	404
3	405
applications	406
cert	407
versions	408
t1203	409
alert	410
explorer	411
loic	412
but	413
during	414
same	415
nmap	416
active	417
instance	418
times	419
against	420
tcp	421
accounts	422
https	423
txhollower	424
prior	425
etc	426
responses	427
search	428
social	429
sensitive	430
embedded	431
bitcoin	432
open	433
encrypted	434
enumeration	435
metasploit	436
capable	437
downloads	438
between	439
downloader	440
under	441
created	442
8	443
utility	444
t1027	445
similar	446
c	447
machines	448
attributed	449
allow	450
visibility	451
emotet	452
ursnif	453
take	454
second	455
itself	456
2014	457
policy	458
several	459
looking	460
include	461
groups	462
scripts	463
curl	464
could	465
up	466
connect	467
only	468
bypass	469
landing	470
commonly	471
net	472
banking	473
safe	474
a101	475
no	476
notable	477
attackers	478
past	479
program	480
aa19	481
robbinhood	482
likely	483
default	484
google	485
example	486
screen	487
ntlm	488
change	489
line	490
november	491
apt34	492
profile	493
either	494
client	495
reverse	496
website	497
part	498
where	499
determine	500
seen	501
archive	502
java	503
manner	504
wherever	505
capture	506
tests	507
escalate	508
bad	509
dropper	510
includes	511
api	512
called	513
2020	514
encryption	515
snmp	516
performing	517
out	518
sqli	519
t1193	520
beacon	521
word	522
t1059	523
ransom	524
released	525
level	526
browser	527
they	528
common	529
binary	530
nthe	531
respond	532
pony	533
what	534
rabbit	535
gain	536
set	537
authentication	538
6	539
url	540
redirect	541
module	542
functionality	543
crysis	544
force	545
cwe	546
disclosed	547
personally	548
identifiable	549
back	550
component	551
adobe	552
path	553
bash	554
cybercom	555
look	556
disk	557
webserver	558
appear	559
provides	560
encrypting	561
documents	562
deliver	563
gained	564
events	565
iranian	566
collect	567
nanocore	568
since	569
irc	570
nnote	571
brute	572
contain	573
built	574
made	575
laterally	576
rdp	577
stored	578
title	579
make	580
hash	581
limited	582
cleanup	583
computer	584
fallout	585
lokibot	586
publicly	587
without	588
exploits	589
behavior	590
inappropriate	591
date	592
petya	593
session	594
domains	595
one	596
netwire	597
evade	598
january	599
delete	600
copy	601
t1046	602
public	603
site	604
pci	605
steal	606
protocol	607
testing	608
neutrino	609
enumerate	610
encoded	611
highnoon	612
would	613
availability	614
enable	615
customers	616
two	617
performs	618
connecting	619
icmp	620
sunshop	621
keystrokes	622
changes	623
stealer	624
operating	625
communicating	626
apt35	627
executes	628
delivery	629
azorult	630
history	631
hosted	632
series	633
ports	634
networks	635
image	636
2013	637
office	638
shares	639
disable	640
x	641
sodinokibi	642
t1087	643
websites	644
double	645
customer	646
amex	647
visa	648
expiration	649
swf	650
list	651
matsnu	652
variety	653
encrypt	654
administrative	655
sequence	656
remcos	657
china	658
hunter	659
a300	660
leveraged	661
string	662
brokers	663
exploiting	664
management	665
targeting	666
place	667
install	668
details	669
instead	670
null	671
energy	672
help	673
oracle	674
each	675
drops	676
across	677
establish	678
scenario	679
characters	680
runas	681
centos	682
form	683
later	684
boolean	685
indicates	686
afraidgate	687
financial	688
extension	689
share	690
compression	691
private	692
antivirus	693
devices	694
w	695
tasks	696
programs	697
valid	698
wmic	699
notoriety	700
adwind	701
there	702
reconnaissance	703
some	704
crafted	705
able	706
order	707
connections	708
configuration	709
lure	710
enumerating	711
indicator	712
different	713
do	714
so	715
4	716
keylogging	717
store	718
0	719
defenders	720
creates	721
means	722
txt	723
removed	724
apple	725
cryptocurrency	726
t1112	727
formbook	728
loaded	729
family	730
nuclear	731
q	732
foothold	733
however	734
included	735
player	736
macro	737
nmore	738
zerot	739
digital	740
reported	741
government	742
current	743
bit	744
demanding	745
excel	746
custom	747
024a	748
your	749
pass	750
t1086	751
splunk	752
originally	753
march	754
require	755
industries	756
low	757
ubuntu	758
wsl	759
executables	760
further	761
originating	762
many	763
drive	764
emails	765
move	766
follow	767
load	768
often	769
provide	770
enabled	771
inception	772
organizations	773
gh0st	774
launch	775
demands	776
spread	777
t1082	778
starts	779
fullhouse	780
hidden	781
chopper	782
add	783
certutil	784
a1	785
kits	786
techniques	787
injected	788
case	789
struts	790
stealing	791
resolve	792
gathering	793
countries	794
video	795
intrusion	796
computers	797
t1065	798
retrieve	799
collecting	800
firewall	801
required	802
hijacking	803
trickbot	804
hta	805
improve	806
benefit	807
pupyrat	808
t1003	809
logs	810
modify	811
referrer	812
kwampirs	813
identified	814
9	815
agent	816
start	817
sector	818
chain	819
who	820
discover	821
strong	822
ms	823
administrator	824
installation	825
return	826
binaries	827
mac	828
rannoh	829
algorithm	830
upon	831
verify	832
although	833
status	834
job	835
feature	836
transfers	837
send	838
leverage	839
modular	840
korean	841
leading	842
global	843
dlls	844
poisonplug	845
longer	846
ssh	847
followed	848
juiceshop	849
valuable	850
must	851
object	852
makes	853
log	854
signed	855
spearphishing	856
volume	857
copies	858
drives	859
angler	860
april	861
upx	862
browsers	863
world	864
full	865
sent	866
you	867
spring	868
need	869
wordpress	870
orbit	871
ion	872
cannon	873
ddos	874
scheduled	875
wary	876
sending	877
features	878
another	879
signs	880
overly	881
identifying	882
segmentation	883
gather	884
next	885
dump	886
redirected	887
cyber	888
housed	889
230	890
even	891
changed	892
february	893
app	894
updates	895
maintain	896
contents	897
obtain	898
startup	899
samsam	900
national	901
aluminum	902
manufacturer	903
event	904
njrat	905
dropped	906
150	907
written	908
aa20	909
lsass	910
free	911
basic	912
hosting	913
calls	914
hard	915
connectivity	916
parameter	917
redirects	918
nflog	919
pattern	920
t1192	921
useful	922
anonymous	923
mail	924
communicates	925
researchers	926
vpn	927
demand	928
installs	929
chrome	930
purpose	931
north	932
conceal	933
inside	934
collected	935
onto	936
goes	937
carberp	938
dumping	939
vbs	940
theft	941
gatekeeper	942
t1036	943
dharma	944
lookout	945
TRUE	946
rundll32	947
propagation	948
t1486	949
html	950
general	951
denial	952
record	953
cause	954
t1083	955
paths	956
verbose	957
avoid	958
master	959
apache	960
possible	961
making	962
find	963
settings	964
secure	965
defenses	966
united	967
indicative	968
disclosure	969
cmd	970
php	971
base64	972
content	973
creating	974
unauthenticated	975
adding	976
confluence	977
encapsulating	978
t1060	979
permissions	980
modified	981
prompt	982
lead	983
packet	984
point	985
meterpreter	986
message	987
generally	988
ensure	989
www	990
beaconing	991
report	992
sedkit	993
amp	994
mode	995
username	996
authenticate	997
presence	998
similarities	999
firefox	1000
interface	1001
kerberos	1002
macros	1003
payloads	1004
intention	1005
added	1006
volumes	1007
prevent	1008
unknown	1009
states	1010
ruler	1011
FALSE	1012
language	1013
scanbox	1014
proper	1015
cannot	1016
rc	1017
t1100	1018
ip	1019
t1110	1020
detected	1021
blind	1022
scripting	1023
twice	1024
mechanism	1025
eternalblue	1026
demonstrate	1027
analyzed	1028
specially	1029
invoke	1030
administrators	1031
directories	1032
results	1033
panda	1034
implant	1035
retrieving	1036
controller	1037
already	1038
unlike	1039
believed	1040
team	1041
clients	1042
filtering	1043
policies	1044
types	1045
python	1046
captures	1047
native	1048
allowed	1049
header	1050
200	1051
allowing	1052
quartermaster	1053
careto	1054
monitor	1055
providing	1056
deletes	1057
bedep	1058
purposes	1059
around	1060
initially	1061
t1064	1062
communications	1063
creation	1064
remotely	1065
calc	1066
original	1067
piece	1068
numerous	1069
injecting	1070
folder	1071
tmp	1072
flawedammyy	1073
weblogic	1074
instructions	1075
vssadmin	1076
31	1077
circumventing	1078
drupal	1079
property	1080
runtime	1081
administration	1082
clipboard	1083
previous	1084
xdoor	1085
lookback	1086
monitoring	1087
ncredit	1088
telefonica	1089
fedex	1090
britain	1091
institute	1092
health	1093
nplease	1094
large	1095
sessions	1096
indicate	1097
retrieval	1098
injections	1099
89	1100
encoding	1101
assist	1102
because	1103
captured	1104
attacking	1105
function	1106
padding	1107
loading	1108
safari	1109
primary	1110
espionage	1111
sofacy	1112
names	1113
checking	1114
telnet	1115
android	1116
referred	1117
components	1118
backend	1119
aes	1120
advanced	1121
pay	1122
provided	1123
ramnit	1124
modification	1125
netcat	1126
difficult	1127
t1032	1128
cmdlet	1129
demonstrated	1130
necessary	1131
began	1132
replace	1133
nt	1134
attached	1135
xor	1136
modules	1137
middle	1138
ps1	1139
tor	1140
t1055	1141
powerton	1142
sogu	1143
doppelg?±nging	1144
ntfs	1145
match	1146
cnmf	1147
apt39	1148
mangopunch	1149
339a	1150
table	1151
potential	1152
configurations	1153
causes	1154
packets	1155
block	1156
grabber	1157
scanner	1158
reviewed	1159
backup	1160
intended	1161
three	1162
engineering	1163
contained	1164
methods	1165
directly	1166
relies	1167
due	1168
gate	1169
chopstick	1170
boot	1171
generated	1172
shows	1173
audio	1174
industry	1175
removable	1176
blocked	1177
decrypt	1178
defender	1179
personal	1180
teamviewer	1181
nin	1182
issued	1183
connects	1184
december	1185
13	1186
12	1187
sources	1188
library	1189
transactional	1190
mining	1191
statements	1192
replaces	1193
t1089	1194
netsh	1195
blocking	1196
usernames	1197
junior	1198
side	1199
psexec	1200
retrieved	1201
t1041	1202
ten	1203
exploited	1204
leveraging	1205
prompts	1206
discovered	1207
established	1208
aid	1209
compiled	1210
single	1211
sectors	1212
certificates	1213
rootkit	1214
conduct	1215
posts	1216
wallpaper	1217
purchase	1218
zeus	1219
variants	1220
production	1221
packed	1222
t1045	1223
participate	1224
objects	1225
appears	1226
sends	1227
calculator	1228
indicating	1229
capability	1230
functions	1231
named	1232
driver	1233
classified	1234
solutions	1235
t1063	1236
7600	1237
jar	1238
recognition	1239
notepad	1240
crosswalk	1241
downtime	1242
raas	1243
keylogger	1244
hklm	1245
64	1246
hivemind	1247
deploying	1248
headers	1249
temp	1250
citrix	1251
pulse	1252
11510	1253
vawtrak	1254
poshrat	1255
jscript	1256
applescript	1257
kaixin	1258
comparing	1259
inferred	1260
infers	1261
appends	1262
provokes	1263
provoking	1264
tailor	1265
highlights	1266
noticed	1267
t1005	1268
uploading	1269
present	1270
accessing	1271
alerts	1272
enumerates	1273
passwd	1274
py	1275
party	1276
propagate	1277
modern	1278
click	1279
logged	1280
org	1281
sednit	1282
onion	1283
context	1284
utilized	1285
addresses	1286
128	1287
kind	1288
configured	1289
options	1290
rar	1291
research	1292
federal	1293
utilities	1294
timestamps	1295
october	1296
unique	1297
companies	1298
wipe	1299
value	1300
generation	1301
particularly	1302
botnet	1303
structure	1304
screenshots	1305
themed	1306
tickets	1307
strings	1308
queries	1309
disabling	1310
hide	1311
enum	1312
much	1313
11776	1314
distributed	1315
final	1316
obtained	1317
though	1318
placed	1319
t1219	1320
leaves	1321
readme	1322
recovering	1323
15982	1324
14	1325
department	1326
fbi	1327
end	1328
708	1329
homeunix	1330
winterlove	1331
smoke	1332
hacktivist	1333
certificate	1334
batch	1335
zeroclear	1336
19781	1337
sekurlsa	1338
logonpasswords	1339
alternate	1340
t1085	1341
amsi	1342
interaction	1343
transferred	1344
failed	1345
serve	1346
potentially	1347
deployment	1348
occurs	1349
inclusion	1350
third	1351
easily	1352
might	1353
notpetya	1354
infect	1355
interact	1356
determining	1357
points	1358
links	1359
intentionally	1360
performed	1361
integrity	1362
uploaded	1363
susceptible	1364
bear	1365
11	1366
early	1367
plugin	1368
108	1369
plugx	1370
establishing	1371
lists	1372
exploitable	1373
surface	1374
outside	1375
exchange	1376
opened	1377
primarily	1378
institutions	1379
down	1380
unless	1381
operation	1382
bartalex	1383
runs	1384
previously	1385
elevate	1386
inherently	1387
exfiltrate	1388
plaintext	1389
lt	1390
phase	1391
simple	1392
6332	1393
rce	1394
cobra	1395
electricfish	1396
utilize	1397
wallets	1398
acts	1399
rsa	1400
recognize	1401
call	1402
bin	1403
encryptorraas	1404
goodluck	1405
modifies	1406
logon	1407
sagehire	1408
remove	1409
watchbog	1410
gt	1411
stop	1412
webmin	1413
certain	1414
powbat	1415
bondupdater	1416
lazagne	1417
investigate	1418
doublepulsar	1419
subtle	1420
selected	1421
appdata	1422
plain	1423
whitelisting	1424
usb	1425
nonadmin	1426
bound	1427
snakehose	1428
space	1429
levels	1430
commented	1431
kali	1432
viewing	1433
cross	1434
five	1435
rtf	1436
them	1437
unusual	1438
increase	1439
invoked	1440
widely	1441
traversal	1442
mysql	1443
registered	1444
pages	1445
visitors	1446
injects	1447
fancy	1448
receiving	1449
suspicious	1450
important	1451
easy	1452
ad	1453
sign	1454
udp	1455
404	1456
update	1457
technology	1458
telecommunications	1459
oil	1460
earlier	1461
decrypter	1462
bitcoins	1463
seed	1464
tor2web	1465
platform	1466
id	1467
addition	1468
real	1469
apps	1470
terminal	1471
favorite	1472
obfuscate	1473
facilitate	1474
pins	1475
range	1476
review	1477
effort	1478
reference	1479
manager	1480
empire	1481
unix	1482
8174	1483
vbscript	1484
controlled	1485
mshta	1486
cycles	1487
conducted	1488
pdf	1489
automatically	1490
russian	1491
invisimole	1492
specified	1493
locations	1494
delivering	1495
recently	1496
template	1497
153	1498
tunneling	1499
handle	1500
atlassian	1501
3396	1502
quarantine	1503
checks	1504
poshc2	1505
2010	1506
11774	1507
effective	1508
deadeye	1509
loads	1510
kill	1511
utilizes	1512
filename	1513
currentversion	1514
room	1515
samples	1516
twitter	1517
existing	1518
d	1519
locally	1520
sharplogger	1521
gateway	1522
existed	1523
b734k	1524
wpscan	1525
permission	1526
please	1527
t1490	1528
xsl	1529
modifying	1530
sip	1531
nonce	1532
dism	1533
enabling	1534
bytes	1535
dos	1536
returns	1537
extensions	1538
xss	1539
x2	1540
x3	1541
x4	1542
four	1543
x5	1544
x10	1545
kronos	1546
nif	1547
success	1548
invoking	1549
transferring	1550
depending	1551
uploads	1552
urls	1553
info	1554
rather	1555
storm	1556
september	1557
ukrainian	1558
signing	1559
nature	1560
enables	1561
resides	1562
pieces	1563
9002	1564
spoofing	1565
format	1566
emerging	1567
exhibits	1568
botnets	1569
encodes	1570
wallet	1571
renames	1572
challenging	1573
instances	1574
teslacrypt	1575
tofsee	1576
spam	1577
rig	1578
cybercrime	1579
kernel	1580
infections	1581
taking	1582
godless	1583
t1095	1584
received	1585
disabled	1586
body	1587
person	1588
signature	1589
t1035	1590
analysis	1591
owned	1592
governments	1593
sponsored	1594
nus	1595
gov	1596
ncas	1597
utilizing	1598
requiring	1599
think	1600
tanks	1601
ticket	1602
accessible	1603
glupteba	1604
uri	1605
late	1606
spreading	1607
apt3	1608
virustotal	1609
saved	1610
documented	1611
supply	1612
itranslator	1613
ssl	1614
grandsoft	1615
complete	1616
combination	1617
eastern	1618
homeland	1619
cybersecurity	1620
aa18	1621
337a	1622
poc	1623
june	1624
restore	1625
left	1626
unavailable	1627
ie	1628
xml	1629
2011	1630
encryptor	1631
plugins	1632
linked	1633
plug	1634
potroast	1635
tidyelf	1636
bypassing	1637
11882	1638
fragroute	1639
long	1640
sourspigot	1641
changing	1642
longwatch	1643
deployed	1644
continue	1645
greenflash	1646
sundown	1647
extracted	1648
notrobin	1649
vba	1650
010a	1651
trace	1652
cryptowall	1653
killswitch	1654
task	1655
dir	1656
work	1657
backups	1658
criteria	1659
t1107	1660
nishang	1661
debugger	1662
subsystem	1663
t1050	1664
unquoted	1665
compliant	1666
solution	1667
treat	1668
reacting	1669
megacortex	1670
ryuk	1671
values	1672
off	1673
logging	1674
reveal	1675
patch	1676
dictionary	1677
crash	1678
t1499	1679
rapid	1680
clear	1681
listing	1682
trying	1683
discoverers	1684
customized	1685
wmi	1686
attachments	1687
console	1688
generic	1689
deleting	1690
authenticated	1691
resources	1692
offline	1693
moving	1694
high	1695
japanese	1696
pawn	1697
strontium	1698
tsar	1699
select	1700
had	1701
t1068	1702
removes	1703
affected	1704
detailed	1705
80	1706
evaluating	1707
attributes	1708
altered	1709
small	1710
immediately	1711
phone	1712
apk	1713
proxies	1714
skype	1715
wifi	1716
locks	1717
threatens	1718
future	1719
considered	1720
cryptolocker	1721
release	1722
sandbox	1723
trojans	1724
deploy	1725
dyre	1726
hxxp	1727
miner	1728
years	1729
we	1730
own	1731
shamoon	1732
284	1733
leads	1734
na	1735
interacting	1736
option	1737
less	1738
receive	1739
16	1740
viewed	1741
development	1742
nokki	1743
outlook	1744
recording	1745
webcam	1746
20250	1747
index	1748
drop	1749
dhl	1750
manipulate	1751
distribute	1752
investigation	1753
reading	1754
pre	1755
decoded	1756
opening	1757
alter	1758
privileged	1759
baltimore	1760
weeks	1761
blog	1762
homepage	1763
querying	1764
spreadsheet	1765
tracks	1766
rc6	1767
returned	1768
main	1769
portion	1770
manage	1771
matches	1772
suspected	1773
schedule	1774
manually	1775
lifeboat	1776
project	1777
temporary	1778
32	1779
botmaster	1780
15107	1781
seven	1782
vt	1783
announced	1784
attribution	1785
ran	1786
taserfire	1787
deadwood	1788
artifacts	1789
valuevault	1790
indicators	1791
parallel	1792
whoami	1793
output	1794
wget	1795
20	1796
magnitude	1797
accessed	1798
a103	1799
t1098	1800
powersploit	1801
streams	1802
helpful	1803
searching	1804
automatic	1805
sam	1806
understanding	1807
switch	1808
launchctl	1809
t1186	1810
cp	1811
118	1812
mw	1813
healthcare	1814
kwampiris	1815
674	1816
2	1817
myriad	1818
routes	1819
serves	1820
masscan	1821
simulate	1822
doc	1823
recovery	1824
support	1825
historically	1826
always	1827
sites	1828
inject	1829
represents	1830
step	1831
input	1832
posting	1833
higher	1834
organization	1835
moves	1836
filter	1837
behind	1838
strategic	1839
mechanisms	1840
leaving	1841
reboot	1842
9805	1843
rest	1844
insight	1845
127	1846
t1135	1847
write	1848
aggressive	1849
calling	1850
workstation	1851
enter	1852
random	1853
serving	1854
central	1855
spoofed	1856
russia	1857
embassies	1858
cloudme	1859
uk	1860
380	1861
gas	1862
narrow	1863
his	1864
databases	1865
alphacrypt	1866
wide	1867
displayed	1868
cookies	1869
virtual	1870
fraud	1871
traditional	1872
play	1873
validate	1874
criminal	1875
media	1876
configure	1877
coded	1878
10mb	1879
bulk	1880
attention	1881
paid	1882
having	1883
hours	1884
314	1885
t1024	1886
cerber	1887
hancitor	1888
view	1889
dynamic	1890
uncommon	1891
firewalls	1892
define	1893
rules	1894
fully	1895
starting	1896
koadic	1897
advertised	1898
channel	1899
restrictions	1900
dogcall	1901
reaper	1902
malformed	1903
360	1904
scans	1905
1641	1906
hospitality	1907
httpclient	1908
installing	1909
gozi	1910
tap	1911
until	1912
initiating	1913
requested	1914
incident	1915
commons	1916
1237	1917
decoy	1918
svchost	1919
spelevo	1920
t	1921
mojave	1922
except	1923
macontrol	1924
t1201	1925
stager	1926
dhs	1927
integration	1928
bureau	1929
internationally	1930
github	1931
bluekeep	1932
trigger	1933
shellshock	1934
specifically	1935
currently	1936
architecture	1937
conducts	1938
0	1939
cover	1940
whose	1941
game	1942
resident	1943
hkdoor	1944
zxshell	1945
removal	1946
widetone	1947
pacman	1948
whether	1949
incoming	1950
scrutinize	1951
lazor	1952
examined	1953
syntax	1954
collects	1955
modsecurity	1956
autostart	1957
see	1958
findings	1959
fragmentation	1960
ttl	1961
tonedeaf	1962
jane	1963
cachemoney	1964
seaweed	1965
consists	1966
020a	1967
t1133	1968
609	1969
610	1970
hooking	1971
bancos	1972
2419	1973
5122	1974
observing	1975
anywhere	1976
pc	1977
notcompatible	1978
sqlite	1979
infecting	1980
monitored	1981
52	1982
excluding	1983
t1119	1984
clearing	1985
scheduling	1986
defensive	1987
uac	1988
streaming	1989
t1096	1990
normally	1991
maintaining	1992
sticky	1993
guest	1994
association	1995
bookmarks	1996
simply	1997
subscription	1998
started	1999
spawns	2000
parent	2001
wireless	2002
hollowing	2003
appinit	2004
bashrc	2005
sudoers	2006
xprotect	2007
protection	2008
mrt	2009
trusts	2010
rep	2011
ot	2012
obfuscation	2013
6	2014
8	2015
very	2016
frame	2017
10	2018
powerful	2019
bind	2020
regular	2021
million	2022
follows	2023
permitted	2024
grabby	2025
22	2026
26	2027
32	2028
e	2029
t1076	2030
vary	2031
unauthorized	2032
restricted	2033
unrestricted	2034
size	2035
missing	2036
7zip	2037
apt4	2038
samurai	2039
conducting	2040
refers	2041
afraid	2042
instructs	2043
instruct	2044
fingerprint	2045
others	2046
actual	2047
interesting	2048
cloud	2049
storage	2050
processed	2051
straykey	2052
beginning	2053
contacts	2054
pe	2055
field	2056
taken	2057
track	2058
t1078	2059
wait	2060
product	2061
simulation	2062
sharing	2063
majority	2064
22	2065
openssh	2066
almost	2067
location	2068
ios	2069
incorporated	2070
nbeginning	2071
petroleum	2072
refining	2073
suggesting	2074
arms	2075
dealer	2076
involved	2077
briba	2078
replies	2079
red	2080
mask	2081
intercept	2082
conversations	2083
operations	2084
fingerprinting	2085
sso	2086
therefore	2087
500	2088
especially	2089
cryptxxx	2090
popular	2091
originated	2092
necurs	2093
qbot	2094
spreads	2095
simda	2096
zbot	2097
backdoors	2098
t1094	2099
cryptomining	2100
dell	2101
drac	2102
supported	2103
layout	2104
t1066	2105
redirection	2106
scanned	2107
t1016	2108
background	2109
mitigate	2110
invoice	2111
callouts	2112
class	2113
normal	2114
try	2115
interactive	2116
updated	2117
webservers	2118
manipulating	2119
listener	2120
t1132	2121
hardware	2122
34	2123
issue	2124
model	2125
exist	2126
magecart	2127
breach	2128
t1170	2129
protocols	2130
exfiltrated	2131
mozilla	2132
visits	2133
putter	2134
secondary	2135
establishes	2136
responds	2137
postgresql	2138
qakbot	2139
invokes	2140
usually	2141
cracked	2142
initiated	2143
t1210	2144
observe	2145
ar19	2146
staging	2147
introduced	2148
subject	2149
designated	2150
disclose	2151
xls	2152
unsuccessful	2153
unit	2154
east	2155
south	2156
protects	2157
requirements	2158
exactly	2159
3389	2160
exchanges	2161
t1102	2162
mcafee	2163
banker	2164
pinterest	2165
forms	2166
critical	2167
patches	2168
instructing	2169
corruption	2170
intellectual	2171
regions	2172
capturing	2173
hello	2174
hex	2175
socks	2176
stream	2177
t1022	2178
acehash	2179
remotecontrolx	2180
disguised	2181
crackshot	2182
easynight	2183
families	2184
lite	2185
gearshift	2186
shellcode	2187
aka	2188
forwarding	2189
osiris	2190
translate	2191
comes	2192
orders	2193
u	2194
hacking	2195
t1090	2196
rockboot	2197
argument	2198
punycode	2199
mostly	2200
compromising	2201
2007	2202
rockeye	2203
length	2204
together	2205
isn	2206
trevorc2	2207
r	2208
houseblend	2209
wiping	2210
mouse	2211
quadagent	2212
goldboy	2213
nhttps	2214
reason	2215
4878	2216
along	2217
hermes	2218
bat	2219
s0160	2220
wiper	2221
eldos	2222
014a	2223
hooks	2224
exported	2225
pcs	2226
5119	2227
kelihos	2228
languages	2229
inserted	2230
hyteod	2231
wirelurker	2232
mimic	2233
appropriate	2234
shareaza	2235
taidoor	2236
t1081	2237
t1053	2238
t1056	2239
discovering	2240
measures	2241
t1047	2242
he	2243
pst	2244
defined	2245
t1033	2246
shortcut	2247
applocker	2248
tree	2249
identification	2250
t1497	2251
hkcu	2252
profiles	2253
t1500	2254
every	2255
appcert	2256
jobs	2257
t1222	2258
plutil	2259
temporarily	2260
dscl	2261
powerloader	2262
display	2263
expected	2264
preferences	2265
dependencies	2266
iat	2267
ppid	2268
ransomeware	2269
minebridge	2270
