word	point
aaron	1
about	2
accept	3
accepted	4
access	5
acl	6
action	7
actions	8
activated	9
activating	10
active	11
activesupport	12
activities	13
actor	14
actor10	15
actor11	16
actor12	17
actor150	18
actor152	19
actor154	20
actor156	21
actor175	22
actor176	23
actor181	24
actor184	25
actor189	26
actor20	27
actor250	28
actor30	29
actor32	30
actor34	31
actor36	32
actor61	33
actor63	34
actor65	35
actor67	36
actor70	37
actor71	38
actor74	39
actor75	40
actor9	41
actors	42
addcallback	43
address	44
addresses	45
admin	46
again	47
age	48
alert	49
alsa	50
an	51
anacron	52
and	53
antivirus	54
app	55
application	56
approve	57
apps	58
apt	59
architecture	60
are	61
area	62
args	63
as	64
ash	65
assignment	66
assignments	67
associated	68
at	69
att	70
attachment	71
attack	72
attacker	73
attribute	74
attributeerror	75
attrs	76
audit	77
auth	78
authenticity	79
authid	80
authpriv	81
av	82
available	83
backend	84
base	85
be	86
bigdecimal	87
bin	88
bind	89
blob	90
boottime	91
bot	92
both	93
bound	94
broadcast	95
builtins	96
bulk	97
bundler	98
by	99
bzip2	100
call	101
callable	102
callback	103
called	104
can	105
capabilities	106
captive	107
catalog	108
caught	109
cd	110
centos	111
certificates	112
change	113
changed	114
check	115
checking	116
cleanup	117
cli	118
closed	119
closesocket	120
cmd	121
cntlm	122
code	123
collection	124
columns	125
com	126
command	127
common	128
comms	129
communication	130
completed	131
conf	132
config	133
connect	134
connection	135
connectionlost	136
connections	137
consider	138
constant	139
constants	140
content	141
control	142
controlled	143
controller	144
controllers	145
conversations	146
converter	147
cor	148
core	149
coremain	150
could	151
cpp	152
cracklib	153
create	154
created	155
credential	156
credentials	157
criswell	158
cron	159
cronie	160
cups	161
current	162
d	163
d2a40305ebcd	164
da49c3073052	165
daemon	166
daily	167
data	168
database	169
date	170
db	171
dbus	172
decoy	173
default	174
defender	175
defer	176
deferred	177
define	178
dejavu	179
delay	180
delays	181
delete	182
delivered	183
delvin	184
demonstrates	185
dependencies	186
dependency	187
deprecated	188
deprecation	189
description	190
desktop	191
dest	192
destination	193
detection	194
dev01v	195
devel	196
device	197
dhcp	198
dhcp4	199
dhcpack	200
dhcprequest	201
dimensions	202
director	203
director103	204
director19	205
director194	206
director2	207
director60	208
director8	209
directories	210
directory	211
disable	212
disabled	213
disconnect	214
disconnected	215
discovered	216
discovery	217
dispatcher	218
dll	219
dns	220
document	221
domain	222
download	223
dport	224
dracut	225
drew	226
drops	227
dsa	228
dsn	229
duplicable	230
e	231
e2fsprogs	232
ec5ef305314b	233
el7	234
elf	235
elfutils	236
email	237
endpoint	238
ens160	239
ens192	240
ens32	241
err	242
error	243
established	244
etc	245
eth0	246
ethernet	247
ethernet0	248
evaluation	249
event	250
events	251
exception	252
executables	253
executed	254
executes	255
execution	256
exists	257
exit	258
ext	259
extension	260
f3107305ebd7	261
facility	262
factory	263
failure	264
FALSE	265
family	266
fe80	267
ff00	268
fiapbpo	269
file	270
files	271
fin6	272
find	273
finished	274
fireeye	275
firewall	276
firmware	277
fixnum	278
flag	279
flags	280
fonts	281
for	282
foreign	283
format	284
formats	285
formtastic	286
found	287
freedesktop	288
from	289
ftp	290
full	291
func	292
further	293
future	294
gateway	295
gem	296
gems	297
genuineintel	298
girl	299
github	300
global	301
groups	302
has	303
header	304
helper	305
here	306
hex	307
holland	308
home	309
host	310
hostip	311
hostname	312
hourly	313
however	314
hpet1	315
hta	316
http	317
https	318
i686	319
icmp	320
icutils	321
id	322
ignored	323
in	324
inclusion	325
inetsim	326
info	327
information	328
input	329
install	330
instead	331
instructions	332
integration	333
integrations	334
intel64	335
intelligence	336
interface	337
interfaces	338
internet	339
interrupts	340
interval	341
ioc	342
ip	343
iptables	344
irbrc	345
is	346
it	347
j	348
ja	349
jackson	350
job	351
jobs	352
joe	353
js	354
json	355
jyujxy7z	356
kern	357
key	358
keyregenerationinterval	359
keys	360
kw	361
lab	362
lab00	363
lab103	364
lab3	365
lab60	366
lab8	367
lambda	368
largeobject	369
last	370
layer	371
lease	372
legacy	373
lib	374
lib64	375
libelf	376
libraries	377
library	378
libs	379
license	380
line	381
linux	382
list	383
live	384
load	385
loader	386
local	387
localdomain	388
logged	389
login	390
logind	391
logo	392
logos	393
logout	394
logrotate	395
logs	396
long	397
lost	398
m	399
mac	400
macro	401
mail	402
mailbox	403
mainloop	404
malicious	405
man	406
manage	407
management	408
manager	409
map	410
mapper	411
mapping	412
mar	413
matched	414
matcher	415
matchers	416
md	417
members	418
message	419
messages	420
method	421
metric	422
mgmt	423
microsoft	424
min	425
mitre	426
mlocate	427
modal	428
model	429
monitor	430
monthly	431
most	432
motivations	433
n	434
name	435
nameserver	436
netmask	437
network	438
networking	439
networkmanager	440
new	441
nics	442
nm	443
nmore	444
no	445
noarch	446
node	447
nodename	448
nodeone	449
nodes	450
non	451
normal	452
not	453
notice	454
notifications	455
now	456
nrcpt	457
ntp	458
ntpdate	459
null	460
number	461
object	462
of	463
on	464
only	465
open	466
opened	467
opt	468
option	469
or	470
order	471
ordered	472
org	473
organization	474
orig	475
os	476
other	477
out	478
output	479
p	480
p2	481
packages	482
pairs	483
pam	484
panel	485
panels	486
parts	487
password	488
pastebin	489
patch	490
path	491
payload	492
pc	493
pcap	494
pcaps	495
pending	496
pg	497
pgconn	498
pgerror	499
pgresult	500
pip	501
planner	502
plans	503
please	504
plen	505
pltemplate	506
png	507
pool	508
port	509
portal	510
ports	511
priority	512
process	513
processor	514
product	515
production	516
products	517
profiles	518
protected	519
protocol	520
provider	521
proxy	522
pt	523
public	524
pull	525
put	526
pwd	527
py	528
python	529
python3	530
qa	531
queue	532
queues	533
r	534
ran	535
raw	536
rb	537
ready	538
received	539
recent	540
recommends	541
ref	542
reindexed	543
relay	544
release	545
removed	546
renewal	547
report	548
reports	549
reprocess	550
req	551
request	552
require	553
respectively	554
restore	555
result	556
results	557
rexec	558
rhostsrsaauthentication	559
rmvd	560
role	561
root	562
rounded	563
routes	564
rsaauthentication	565
rtc	566
rubies	567
ruby	568
rules	569
run	570
runcallbacks	571
running	572
runtime	573
rununtilcurrent	574
rvm	575
sa	576
sa1	577
saml	578
sample	579
sbin	580
scan	581
scans	582
schema	583
scp	584
script	585
scripts	586
seconds	587
section	588
security	589
see	590
selected	591
self	592
sent	593
sequentially	594
server	595
serverkeybits	596
servers	597
service	598
session	599
sessions	600
setting	601
settings	602
shdepend	603
shdescription	604
should	605
shoulda	606
show	607
shseclabel	608
sim	609
sims	610
simulation	611
simulations	612
site	613
size	614
sizing	615
skipping	616
skt	617
slice	618
snapshots	619
socket	620
source	621
sp1	622
splunk	623
sql	624
squidgate	625
squidsleep	626
ssh	627
ssh2	628
sshd	629
start	630
started	631
starting	632
startruncallbacks	633
state	634
status	635
step	636
stepping	637
steps	638
stopping	639
subsequently	640
success	641
successfully	642
such	643
sudo	644
superuser	645
support	646
suppressed	647
suspect	648
switch	649
system	650
systemd	651
t3	652
t4	653
table	654
tablespace	655
tags	656
target	657
task	658
tcp	659
tech	660
technology	661
temp	662
template	663
templates	664
temporary	665
terminated	666
that	667
the	668
theater	669
this	670
thoughtbot	671
threat	672
time	673
timeout	674
tmp	675
to	676
token	677
tools	678
traceback	679
transfer	680
trees	681
TRUE	682
truthteller	683
ts	684
tty	685
tunnel	686
twisted	687
type	688
types	689
u	690
u0026ck	691
ubuntu	692
ug	693
uid	694
under	695
unhandled	696
unit	697
unix	698
unknown	699
up	700
update	701
updated	702
upgrade	703
upgrading	704
uptime	705
url	706
use	707
used	708
user	709
username	710
users	711
using	712
usr	713
utc	714
utf8	715
v4	716
vacuum	717
validate	718
validatelog	719
vea	720
vendor	721
verify	722
verodin	723
verodinauditlog	724
version	725
via	726
virtual	727
vna	728
vnaubuntu	729
warning	730
was	731
web	732
website	733
weekly	734
whether	735
which	736
will	737
win10	738
win7	739
windefend	740
windows	741
windowspe	742
with	743
word	744
wrapper	745
wsf	746
x86	747
xid	748
you	749
your	750
zone	751
zones	752
